{
    "links" : {
        "berniecrats" : "http://berniecrats.net", 
        "sandersdemocrats":"http://www.sandersdemocrats.com/",
        "run":"https://www.facebook.com/localberniecrats/posts/1061352443902225",
        "training":"http://act.boldprogressives.org/survey/fin_training_app/",
        "electionOffice":"https://www.usa.gov/election-office"
    },
	"articles" : {
		"chapter-start" : "_chapter-start"
	},
	"states": {
		"alabama": {
			"abbrev": "AL",
			"chapters": {
				"State of Alabama": {
					"link": "https://www.facebook.com/Local-Berniecrats-Alabama-1164292100310419/"
				},
				"Eastern Alabama": {
					"link": "https://www.facebook.com/groups/1282663325151855/"
				},
				"Florence": {
					"link": "https://www.facebook.com/groups/1395021590532309/"
				}
			}
		},
        "alaska": { 
			"abbrev": "AK",
			"chapters": {
				"District 35 SE Alaska": {
					"link": "https://www.facebook.com/groups/509839785888969/"
				},
				"Anchorage - Eagle River": {
					"link": "https://www.facebook.com/groups/141450113202881/"
				}
			}
        },
        "arizona": { 
			"abbrev": "AZ",
			"chapters": {
				"State of Arizona": {
					"link": "https://www.facebook.com/groups/1139070869539179/"
				},
				"Tucson": {
					"link": "https://www.facebook.com/groups/569777216564676/"
				},
				"Yuma": {
					"link": "https://www.facebook.com/groups/1647713622196561/"
				}
			}
        },
        "arkansas": { 
			"abbrev": "AR",
			"chapters": {
				"Little Rock - Central Arkansas": {
					"link": "https://www.facebook.com/groups/207589229710330/"
				},
				"Northwest Arkansas": {
					"link": "https://www.facebook.com/groups/735635789950992/"
				}
			}
        },		
        "california": { 
			"abbrev": "CA",
			"chapters": {
				"Coachella Valley": {
					"link": "https://www.facebook.com/BernicratsCV/"
				},
				"Redding": {
					"link": "https://www.facebook.com/groups/121912205150201/"
				},
				"East Bay": {
					"link": "https://www.facebook.com/groups/1073876322648752/"
				},
				"South Bay": {
					"link": "https://www.facebook.com/groups/470828299942938/"
				},
				"Inland Empire": {
					"link": "https://www.facebook.com/groups/1871862636434795/"
				},
				"Eureka - Arcata": {
					"link": "https://www.facebook.com/berniecratsEurekaArcata/"
				},
				"Fresno": {
					"link": "https://www.facebook.com/Local-Berniecrats-Fresno-California-1270312746347014/"
				},
				"Santa Cruz": {
					"link": "https://www.facebook.com/groups/1867578720160051/"
				},
				"Long Beach": {
					"link": "https://www.facebook.com/groups/1477744822271116/"
				},
				"Los Angeles": {
					"link": "https://facebook.com/localberniecratslosangeles/"
				},
				"Ontario": {
					"link": "https://www.facebook.com/groups/377513529293810/"
				},
				"Orange County": {
					"link": "https://www.facebook.com/groups/1584915051522302/"
				},   				
				"Sacramento Valley": {
					"link": "https://www.facebook.com/groups/271307876633666/"
				}, 
				"Studio City, CA": {
					"link": "https://www.facebook.com/groups/1195246960551602/"
				},   				
				"San Luis Obispo": {
					"link": "https://www.facebook.com/groups/776045525894918/"
				},   				
				"San Diego": {
					"link": "https://www.facebook.com/groups/701685769980369/"
				},
				"San Francisco Bay Area": {
					"link": "https://www.facebook.com/localberniecratssanfrancisco/"
				},
				"Stanislaus County, Modesto": {
					"link": "https://www.facebook.com/BerniecratsStanislaus/"
				}                      
			}
        },
        "colorado": { 
			"abbrev": "CO",
			"chapters": {
				"Denver": {
					"link": "https://www.facebook.com/groups/1531247266964200/"
				},
				"Colorado Springs": {
					"link": "https://www.facebook.com/groups/207245703074068/"
				},
				"Pueblo": {
					"link": "https://www.facebook.com/groups/146832826106590/"
				},
				"Fort Collins": {
					"link": "https://www.facebook.com/groups/1342585189118231/"
				}
			}
        },
        "connecticut": { 
			"abbrev": "CT",
			"chapters": {
				"Killingly": {
					"link": "https://www.facebook.com/groups/1834753773414939/"
				},
				"Hartford - Middlesex Co": {
					"link": "https://www.facebook.com/groups/1066926120080470/"
				},
				"Danbury & NW Connecticut": {
					"link": "https://www.facebook.com/groups/253232158443728/"
				},
				"Lower Fairfield County": {
					"link": "https://www.facebook.com/groups/403266460019973/"
				}
			}
        },
        "district of columbia": { 
			"abbrev": "DC",
			"chapters": {
			}
        },
        "delaware": {
			"abbrev": "DE",			
			"chapters": {
				"Delaware": {
					"link": "https://www.facebook.com/groups/157213881351324/"
				},
				"Kent County": {
					"link": "https://www.facebook.com/groups/349032008851517/"
				}
			}
        },
        "florida": { 
			"abbrev": "FL",
			"chapters": {
				"Central Florida": {
					"link": "https://www.facebook.com/groups/1676451899037487/"
				},
				"Pinellas": {
					"link": "https://www.facebook.com/groups/336088806848810/"
				},
				"Hillsborough County": {
					"link": "https://www.facebook.com/groups/1676451899037487/"
				},
				"Key West and FL Keys": {
					"link": "https://www.facebook.com/groups/1896079743949358/"
				},
				"Hernando County": {
					"link": "https://www.facebook.com/groups/326338737805389"
				},		
				"Jacksonville": {
					"link": "https://www.facebook.com/LocalBerniecratsJax/"
				},				
				"Pasco County": {
					"link": "https://www.facebook.com/groups/221099581630077/"
				},				
				"Sarasota - Manatee": {
					"link": "https://www.facebook.com/LocalBerniecratsSaraMana/"
				},				
				"South Florida": {
					"link": "https://www.facebook.com/groups/1248368911886699/"
				},				
				"Southwest Florida": {
					"link": "https://www.facebook.com/swflprogressives/"
				},				
				"NW Florida": {
					"link": "https://www.facebook.com/groups/1352755294768472/"
				},
				"Volusia County": {
					"link": "https://www.facebook.com/Local-Berniecrats-of-Volusia-County-1762021437456369/"
				}						
			}
        },
        "georgia": { 
			"abbrev": "GA",			
			"chapters": {
				"Athens": {
					"link": "https://www.facebook.com/groups/379977712340699/"
				},
				"Atlanta": {
					"link": "https://www.facebook.com/LocalBerniecratsATL/"
				},
				"North East Gerogia": {
					"link": "https://www.facebook.com/groups/901808676625598/"
				},
				"Pooler": {
					"link": "https://www.facebook.com/groups/228573730982220/"
				},
				"Augusta": {
					"link": "https://www.facebook.com/localberniecratsaugusta/"
				}
			}
        },
        "guam": { 
			"abbrev": "GU",
			"chapters": {
			}
        },
        "hawaii": { 
			"abbrev": "HI",
			"chapters": {
				"Hawaii": {
					"link": "https://www.facebook.com/berniecratswithaloha/"
				}
			}
        },
        "idaho": { 
			"abbrev": "ID",
			"chapters": {
				"Idaho": {
					"link": "https://www.facebook.com/Local-Berniecrats-Idaho-1188031711317351/"
				}				
			}
        },
        "illinois": {
			"abbrev": "IL", 
			"chapters": {
				"Central Illinois": {
					"link": "https://www.facebook.com/groups/167745263716460/"
				},
				"Northern Illinois": {
					"link": "https://www.facebook.com/groups/1815038062088736/"
				},
				"Southern Illinois": {
					"link": "https://www.facebook.com/groups/715259275296526/"
				},
				"Chicago ": {
					"link": "https://www.facebook.com/groups/1346786168678881/"
				},
				"Christian County": {
					"link": "https://www.facebook.com/groups/400138020321322/"
				},
				"Piatt County": {
					"link": "https://www.facebook.com/groups/198718850611198/"
				}				
			}
        },
        "indiana": { 
			"abbrev": "IN",
			"chapters": {
				"Fort Wayne and Northeast Indiana": {
					"link": "https://www.facebook.com/groups/321287324870231/"
				},
                "SE Indiana": {
					"link": "https://www.facebook.com/groups/1397624320338198/"
				},
				"North Vernon": {
					"link": "https://www.facebook.com/groups/141659106522544/"
				},
                "Hamilton County": {
					"link": "https://www.facebook.com/groups/626388180881513/"
				},
                "Indianapolis": {
					"link": "https://www.facebook.com/groups/265118433941143/"
				},
                "NW Indiana": {
					"link": "https://www.facebook.com/groups/161887137668321/"
				}                   
			}
        },
        "iowa": { 
			"abbrev": "IA",
			"chapters": {
				"Cedar Valley Iowa": {
					"link": "https://www.facebook.com/Local-Berniecrats-Cedar-Valley-Iowa-136163673487939/"
				},
				"North Central Iowa": {
					"link": "https://www.facebook.com/groups/351173191961143"
				},
				"Quad Cities": {
					"link": "https://www.facebook.com/groups/735776759911426/"
				}
			}
        },
        "kansas": { 
			"abbrev": "KS",
			"chapters": {
				"Kansas": {
					"link": "https://www.facebook.com/groups/1190093747752607/"
				},
				"Hutchinson": {
					"link": "https://www.facebook.com/groups/671327006399847/"
				},
				"SW Kansas": {
					"link": "https://www.facebook.com/groups/717515711768081/"
				}
			}
        },
        "kentucky": { 
			"abbrev": "KY",
			"chapters": {
				"Bowling Green": {
					"link": "https://www.facebook.com/groups/428343610845265/"
				},
				"Louisville": {
					"link": "https://www.facebook.com/groups/279339622544656"
				},
				"State of Kentucky": {
					"link": "https://www.facebook.com/localberniecratskentucky"
				},
				"Lexington": {
					"link": "https://www.facebook.com/groups/1627798290802615/"
				}				
			}
        },
        "louisiana": {
			"abbrev": "LA",
			"chapters": {
				"State of Louisiana": {
					"link": "https://www.facebook.com/Local-Berniecrats-Louisiana-1220098388021580/"
				},
				"Lafayette": {
					"link": "https://www.facebook.com/groups/1410737415658013/"
				}
			}
        },
        "maine": { 
			"abbrev": "ME",
			"chapters": {
				"Maine": {
					"link": "https://www.facebook.com/groups/1641661732799170/"
				},
				"Waldo - Hancock": {
					"link": "https://www.facebook.com/groups/1708500559460730/"
				}				
			}
        },
        "maryland": { 
			"abbrev": "MD",
			"chapters": {
				"Annapolis-Anne Arundel": {
					"link": "https://www.facebook.com/groups/1758588364461146/"
				},
				"Silver Spring - Tacoma Park": {
					"link": "https://www.facebook.com/groups/353219891805233/"
				},
				"Baltimore": {
					"link": "https://www.facebook.com/groups/769640953173339/"
				},
				"Bethesda": {
					"link": "https://www.facebook.com/groups/582388641970735/"
				},
				"Frederick, MD": {
					"link": "https://www.facebook.com/groups/1334035836611139/"
				}
			}
        },
        "massachusetts": { 
			"abbrev": "MA",
			"chapters": {
				"Hampden County": {
					"link": "https://www.facebook.com/groups/1757012937925737"
				},
				"Cape & Islands": {
					"link": "https://www.facebook.com/groups/1891913787710829/"
				},	
				"North of Boston": {
					"link": "https://www.facebook.com/groups/1869091330013914/"
				},
				"Bristol County": {
					"link": "https://www.facebook.com/groups/641035136105147/"
				},			
				"Middlesex Co. & Nashoba Valley": {
					"link": "https://www.facebook.com/groups/748971685252960/"
				},				
				"Essex County": {
					"link": "https://www.facebook.com/groups/1444940725517592/"
				},				
				"South Shore": {
					"link": "https://www.facebook.com/groups/721592034685060/"
				},
				"Metro Boston": {
					"link": "https://www.facebook.com/groups/142296442912035/"
				},				
				"Worcester County": {
					"link": "https://www.facebook.com/groups/1813412892222125/"
				}
			}
        },
        "michigan": { 
			"abbrev": "MI",
			"chapters": {
				"West Michigan": {
					"link": "https://www.facebook.com/LocalBerniecratsWestMichigan/"
				},
				"Southeast Michigan": {
					"link": "https://www.facebook.com/groups/375051652864869/"
				},
				"Southcentral Michigan": {
					"link": "https://www.facebook.com/groups/119638728519637/"
				},
				"Ann Arbor - Ypsilanti Area": {
					"link": "https://www.facebook.com/Local-Berniecrats-Ann-Arbor-Ypsilanti-Area-1082595528527372/"
				},
				"Michigan Thumb": {
					"link": "https://www.facebook.com/groups/276047912817829/"
				},
				"Northeast Michigan": {
					"link": "https://www.facebook.com/groups/410207089352570/"
				}
			}
        },
        "minnesota": {
			"abbrev": "MN", 
			"chapters": {
				"Minnesota": {
					"link": "https://www.facebook.com/groups/660180634137108/"
				}
			}
        },
        "mississippi": {
			"abbrev": "MS", 
			"chapters": {
			}
        },
        "missouri": { 
			"abbrev": "MO",
			"chapters": {
				"Kansas City": {
					"link": "https://www.facebook.com/groups/653592508127016/"
				},
				"St Louis": {
					"link": "https://www.facebook.com/groups/1808123152733889/"
				},
				"Springfield": {
					"link": "https://www.facebook.com/groups/582779301932739/"
				},
				"Columbia": {
					"link": "https://www.facebook.com/berniecratscomo/"
				}
			}
        },
        "montana": { 
			"abbrev": "MT",
			"chapters": {
				"Montana": {
					"link": "https://www.facebook.com/groups/230090544173251/"
				}
			}
        },
        "nebraska": { 
			"abbrev": "NE",
			"chapters": {
				"State of Nebraska": {
					"link": "https://facebook.com/LocalBerniecratsNebraska/"
				},
				"Jefferson County": {
					"link": "https://facebook.com/LocalBerniecratsJeffNe/"
				},
				"Omaha": {
					"link": "https://www.facebook.com/groups/303248646754091/"
				}
			}
        },
        "nevada": { 
			"abbrev": "NV",
			"chapters": {
				"Las Vegas": {
					"link": "https://www.facebook.com/groups/1872358602993686/"
				},
				"Washoe County": {
					"link": "https://www.facebook.com/groups/750274491793649/"
				}
			}
        },
        "new hampshire": {
			"abbrev": "NH", 
			"chapters": {
				"Hudson": {
					"link": "https://www.facebook.com/groups/1269173366477934/"
				},
				"Manchester CD1": {
					"link": "https://www.facebook.com/groups/504142416588291/"
				},
				"Concord": {
					"link": "https://www.facebook.com/groups/137683983417909/"
				},
				"Dover": {
					"link": "https://www.facebook.com/groups/1412851968789980/"
				}
			}
        },
        "new jersey": { 
			"abbrev": "NJ",
			"chapters": {
				"Monmouth County New Jersey": {
					"link": "https://www.facebook.com/Local-Berniecrats-Monmouth-County-New-Jersey-1071215512914245/"
				},
				"Northern New Jersey": {
					"link": "https://www.facebook.com/groups/1570883949608441/"
				},
				"Essex County": {
					"link": "https://www.facebook.com/groups/154615971994689/"
				},
				"Southern New Jersey": {
					"link": "https://www.facebook.com/groups/625084360993198/"
				},
				"Union County": {
					"link": "https://www.facebook.com/groups/1299060423460048/"
				}
			}
        },
        "new mexico": { 
			"abbrev": "NM",
			"chapters": {
				"Albuquerque": {
					"link": "https://www.facebook.com/groups/900194190092405/"
				},
				"Santa Fe": {
					"link": "https://www.facebook.com/groups/102480373636502/"
				},
				"Southern New Mexico": {
					"link": "https://www.facebook.com/groups/1676861292621118/"
				}
			}
        },
        "new york": {
			"abbrev": "NY",
			"chapters": {
				"Buffalo": {
					"link": "https://www.facebook.com/groups/1664777330202668/"
				},
				"Mid - Hudson Valley": {
					"link": "https://www.facebook.com/groups/172543019895508/"
				},
				"Long Island": {
					"link": "https://www.facebook.com/Local-Berniecrats-Long-Island-NY-1097229583663788/"
				},
				"New York City": {
					"link": "https://www.facebook.com/BerniecratsNYC/"
				},
				"Saratoga": {
					"link": "https://www.facebook.com/Local-Berniecrats-Saratoga-303073996761667/"
				},
				"Sullivan County - Catskills - Hudson County": {
					"link": "https://www.facebook.com/groups/643850355764829/"
				},
				"Finger Lakes, NY": {
					"link": "https://facebook.com/LocalBerniecratsFingerLakesNy/"
				},
				"Westchester & Rockland & Orange County": {
					"link": "https://www.facebook.com/groups/642546289280229/"
				},
				"Rochester": {
					"link": "https://www.facebook.com/BerniecratsRochester/"
				},
				"Upstate New York": {
					"link": "https://www.facebook.com/groups/1277663038990314/"
				}
			}
        },
        "north carolina": { 
			"abbrev": "NC",
			"chapters": {
				"Asheville Area - WNC": {
					"link": "https://www.facebook.com/groups/1717226081873311/"
				},
				"Charlotte": {
					"link": "https://www.facebook.com/LocalBerniecratsCharlotteNC/"
				},
				"Durham Person Orange Caswell Counties": {
					"link": "https://www.facebook.com/LocalBerniecratsNCDurhamPersonOrangeCaswell/"
				},
				"Greensboro": {
					"link": "https://www.facebook.com/groups/1155270384495599/"
				},
				"Sandhills": {
					"link": "https://www.facebook.com/groups/113160892536869/"
				},
				"Tri-County": {
					"link": "https://www.facebook.com/groups/1901349973432676/"
				},
				"Wake County": {
					"link": "https://www.facebook.com/groups/1813670585553112/"
				},
				"Winston-Salem": {
					"link": "https://www.facebook.com/groups/373040856370470/"
				}
			}
        },
        "north dakota": { 
			"abbrev": "ND",
			"chapters": {
				"North Dakota": {
					"link": "https://www.facebook.com/groups/1799690943389810/"
				}
			}
        },
        "ohio": { 
			"abbrev": "OH",
			"chapters": {
				"Butler County": {
					"link": "https://www.facebook.com/groups/1995442937349500/"
				},
				"Dayton": {
					"link": "https://www.facebook.com/groups/404768699870212/"
				},
				"Wilmington": {
					"link": "https://www.facebook.com/groups/119342538684746/"
				},				
				"Northeast Ohio": {
					"link": "https://www.facebook.com/NortheastOhioBerniecrats/"
				},
				"Northwest Ohio": {
					"link": "https://www.facebook.com/groups/571598483034313/"
				},				
				"Cincinnati": {
					"link": "https://www.facebook.com/groups/1755787184671676/"
				}
			}
        },
        "oklahoma": { 
			"abbrev": "OK",
			"chapters": {				
				"Oklahoma": {
					"link": "https://www.facebook.com/groups/1816265481962218/"
				}
			}
        },
        "oregon": { 
			"abbrev": "OR",
			"chapters": {
				"State of Oregon": {
					"link": "https://www.facebook.com/groups/761502287285469/"
				},
				"Klamath County": {
					"link": "https://www.facebook.com/groups/107781873095516/"
				},
				"Portland": {
					"link": "https://www.facebook.com/groups/209213149553467/"
				},
				"Willamette Valley": {
					"link": "https://www.facebook.com/groups/647458412104828//"
				}
			}
        },
        "pennsylvania": {
			"abbrev": "PA",
			"chapters": {			
				"Montgomery": {
					"link": "https://www.facebook.com/groups/1212647125490042/"
				},
				"ABE Pennsylvania Area": {
					"link": "https://www.facebook.com/groups/1835886826664134/"
				},
				"SW Pennsylvania": {
					"link": "https://www.facebook.com/groups/479772455688560/"
				},
				"NE Pennsylvania": {
					"link": "https://www.facebook.com/Localberniecratsnepa/"
				},
				"North Central PA": {
					"link": "https://www.facebook.com/groups/1872393303035720/"
				},
				"Northwestern PA": {
					"link": "https://www.facebook.com/groups/2270837409808314/"
				},
				"South Central PA": {
					"link": "https://www.facebook.com/groups/490018954534263/"
				},
				"SE Pennsylvania": {
					"link": "https://www.facebook.com/groups/214286605693830/"
				}
			}
        },
        "puerto rico": { 
			"abbrev": "PR",
			"chapters": {
				"Puerto Rico": {
					"link": "https://www.facebook.com/groups/186525205199239/"
				}
			}
        },
        "rhode island": { 
			"abbrev": "RI",
			"chapters": {
				"Rhode Island": {
					"link": "https://www.facebook.com/BerniecratsRI/"
				}
			}
        },
        "south carolina": { 
			"abbrev": "SC",
			"chapters": {
				"South Carolina Statewide": {
					"link": "https://www.facebook.com/groups/1935540656686632/"
				},
				"Charleston": {
					"link": "https://www.facebook.com/localberniecratscharleston"
				},
				"Greenville": {
					"link": "https://www.facebook.com/groups/323006428100729/"
				},
				"Rock Hill": {
					"link": "https://www.facebook.com/groups/390980367926426/"
				}
			}
        },
        "south dakota": { 
			"abbrev": "SD",
			"chapters": {
				"Rapid City": {
					"link": "https://www.facebook.com/groups/675682639307249/"
				}
			}
        },
        "tennessee": {
			"abbrev": "TN",
			"chapters": {
				"State of Tennessee": {
					"link": "https://www.facebook.com/groups/252859578440158/"
				}
			}
        },
        "texas": {
			"abbrev": "TX",
			"chapters": {
				"Amarillo": {
					"link": "https://www.facebook.com/groups/643541755835107/"
				},
				"El Paso": {
					"link": "https://www.facebook.com/pg/Local-Berniecrats-El-Paso-1319713851477393/"
				},
				"Austin": {
					"link": "https://www.facebook.com/groups/1251458568241073/"
				},
				"Dallas - Fort Worth": {
					"link": "https://www.facebook.com/groups/1782547551991016/"
				},
				"Houston": {
					"link": "https://www.facebook.com/localberniecratsHouston/"
				},
				"Hutto": {
					"link": "https://www.facebook.com/groups/379993625694267/"
				},
				"Lubbock": {
					"link": "https://www.facebook.com/groups/251207231955978/"
				},
				"Midland - Odessa": {
					"link": "https://www.facebook.com/groups/1192757700773135/"
				},
				"San Antonio": {
					"link": "https://www.facebook.com/Local-Berniecrats-San-Antonio-1391476774227177/"
				},
				"Rio Grande Valley": {
					"link": "https://www.facebook.com/LocalBerniecratsRGV/"
				}
			}
        },
        "utah": { 
			"abbrev": "UT",
			"chapters": {
				"Salt Lake City": {
					"link": "https://www.facebook.com/groups/954635534641909/"
				}				
			}
        },
        "vermont": { 
			"abbrev": "VT",
			"chapters": {
				"State of Vermont": {
					"link": "https://www.facebook.com/groups/1767010893512698/"
				}
			}
        },
        "virginia": { 
			"abbrev": "VA",
			"chapters": {
				"Commonwealth of Virginia": {
					"link": "https://www.facebook.com/groups/100286480419952/"
				},
				"Northern Virginia": {
					"link": "https://www.facebook.com/groups/117152485757568/"
				}
			}
        },
        "virgin islands": { 
			"abbrev": "VI",
			"chapters": {
			}
        },
        "washington state": {
			"abbrev": "WA",
			"chapters": {
				"Washington State": {
					"link": "https://www.facebook.com/groups/1335920653173728/"
				},
				"Mount Vernon": {
					"link": "https://www.facebook.com/groups/773797366150404/"
				},
				"Seattle - Tacoma": {
					"link": "https://www.facebook.com/LocalBerniecratsSeaTac"
				},
				"Olympic Peninsula": {
					"link": "https://www.facebook.com/groups/645588458978922/"
				},
				"Cowlitz County": {
					"link": "https://www.facebook.com/Bernercratic/"
				},
				"Marysville": {
					"link": "https://www.facebook.com/groups/977515832383504/"
				}
			}
        },
        "west virginia": { 
			"abbrev": "WV",
			"chapters": {
				"State of West Virginia": {
					"link": "https://www.facebook.com/groups/125747971199765/"
				}
			}
        },
        "wisconsin": {
			"abbrev": "WI", 
			"chapters": {
				"Milwaukee - Waukesha": {
					"link": "https://www.facebook.com/groups/1300977459913232/"
				},
				"Appleton-Fox Valley": {
					"link": "https://www.facebook.com/groups/1300977459913232/"
				}
			}
        },
        "wyoming": { 
			"abbrev": "WY",
			"chapters": {
				"Wyoming": {
					"link": "https://www.facebook.com/groups/1190948907667617/"
				}
			}
        },
        "International Chapters": { 
			"abbrev": "INTL",
			"chapters": {
				"Istanbul Turkey": {
					"link": "https://www.facebook.com/groups/263650430732629/"
				}
			}
        }
	}
}


